RegionName,Year,Home_price,MORTGAGE30US,Median_Income
Montana,2004,,5.839230769,44330
Vermont,2022,354476.182088338,5.344038462,74580
Alaska,2021,328181.437353243,2.957692308,70780
Idaho,2026,467599.02386942,6.084545455,
North Carolina,2010,158965.436031198,4.689807692,49280
Wyoming,2008,200925.536293179,6.027169811,50300
Maryland,2024,415165.726409402,6.721153846,83730
Oregon,2009,236042.681236532,5.036538462,49780
California,2007,462318.676425325,6.337307692,50230
New York,2014,263955.725623154,4.168867925,53660
North Carolina,2026,331231.373100596,6.084545455,
Tennessee,2008,149207.212464708,6.027169811,50300
Pennsylvania,2013,154216.46691312,3.975576923,53590
West Virginia,2015,106591.083093642,3.850576923,56520
Hawaii,2020,621825.585488001,3.111698113,68010
Iowa,2016,138513.740418216,3.654038462,59040
Wisconsin,2022,265957.543941362,5.344038462,74580
Louisiana,2010,161100.629021345,4.689807692,49280
Washington,2010,257270.009433171,4.689807692,49280
Maryland,2009,274922.892941002,5.036538462,49780
Tennessee,2021,254962.547458808,2.957692308,70780
Florida,2013,147776.485923983,3.975576923,53590
Wisconsin,2018,188773.376201401,4.544615385,63180
Georgia,2002,145469.4749945,6.537307692,42410
Louisiana,2023,212905.62355931,6.806730769,80610
Missouri,2012,120665.623891513,3.6575,51020
Mississippi,2019,142449.23956627,3.935769231,68700
Idaho,2000,123877.569512671,8.053461538,41990
Oklahoma,2025,212565.80930115,6.595094340,
Colorado,2014,256192.146581163,4.168867925,53660
Maryland,2010,259637.642254731,4.689807692,49280
Maryland,2000,153351.608391681,8.053461538,41990
Wisconsin,2019,200641.871794048,3.935769231,68700
Idaho,2020,312581.422779751,3.111698113,68010
Delaware,2004,207998.469053721,5.839230769,44330
Florida,2011,133014.398470393,4.447884615,50050
Kansas,2014,120010.995254115,4.168867925,53660
Illinois,2022,238759.318826371,5.344038462,74580
New York,2016,284748.581836557,3.654038462,59040
New York,2021,391937.545935101,2.957692308,70780
Hawaii,2005,389306.510098544,5.866730769,46330
Oregon,2002,164915.516933556,6.537307692,42410
Oregon,2015,258679.705701859,3.850576923,56520
Nebraska,2015,140641.280956865,3.850576923,56520
Iowa,2020,163809.38989044,3.111698113,68010
Pennsylvania,2001,105617.686925618,6.967884615,42230
West Virginia,2005,95864.922216027,5.866730769,46330
South Dakota,2012,148202.254916779,3.6575,51020
Virginia,2002,150636.176327393,6.537307692,42410
Ohio,2014,114512.551467719,4.168867925,53660
Oklahoma,2011,109851.233983028,4.447884615,50050
New Mexico,2012,161420.037094529,3.6575,51020
Washington,2020,427198.799362239,3.111698113,68010
Georgia,2006,166944.354659691,6.413269231,48200
Kansas,2017,136020.725328695,3.989807692,61140
North Dakota,2001,,6.967884615,42230
Wisconsin,2009,162751.470695921,5.036538462,49780
West Virginia,2011,98487.798047239,4.447884615,50050
Virginia,2006,263765.426058668,6.413269231,48200
Wyoming,2026,355181.666682015,6.084545455,
Nevada,2018,282534.883876218,4.544615385,63180
Tennessee,2019,201696.827947021,3.935769231,68700
Georgia,2016,165245.180940373,3.654038462,59040
Ohio,2007,127687.69803726,6.337307692,50230
Texas,2000,113588.188567078,8.053461538,41990
Nevada,2026,442708.554754012,6.084545455,
Washington,2019,392983.51575819,3.935769231,68700
Kentucky,2016,125139.709331402,3.654038462,59040
California,2017,476481.591448523,3.989807692,61140
Colorado,2001,206787.108411884,6.967884615,42230
Maryland,2008,313702.412655537,6.027169811,50300
Alabama,2018,149763.209092931,4.544615385,63180
Oklahoma,2000,84133.177323145,8.053461538,41990
Mississippi,2004,104038.32107375,5.839230769,44330
North Dakota,2011,162788.592706568,4.447884615,50050
Indiana,2021,190539.259583498,2.957692308,70780
Ohio,2001,109679.240729897,6.967884615,42230
Florida,2001,119459.973132679,6.967884615,42230
Colorado,2015,286712.602344569,3.850576923,56520
Florida,2025,381171.865627136,6.595094340,
Idaho,2004,141794.565289464,5.839230769,44330
Utah,2012,189837.544411284,3.6575,51020
Alaska,2012,248437.976074411,3.6575,51020
Mississippi,2010,116812.165460683,4.689807692,49280
Nebraska,2013,129987.65894849,3.975576923,53590
Montana,2023,425394.408223074,6.806730769,80610
Virginia,2009,225568.684610082,5.036538462,49780
Nebraska,2006,130509.193824419,6.413269231,48200
South Carolina,2024,298849.597162303,6.721153846,83730
Nevada,2015,209366.751309314,3.850576923,56520
Massachusetts,2019,419613.836753931,3.935769231,68700
Pennsylvania,2022,245049.094449348,5.344038462,74580
Michigan,2025,246896.194719422,6.595094340,
Colorado,2005,233428.77380898,5.866730769,46330
Illinois,2001,139872.46959413,6.967884615,42230
Missouri,2022,227800.552710655,5.344038462,74580
Arkansas,2021,179155.10357754,2.957692308,70780
Wyoming,2003,144091.028166334,5.826981132,43320
Connecticut,2002,197884.079534161,6.537307692,42410
Rhode Island,2026,487951.53950829,6.084545455,
Michigan,2018,154928.304605482,4.544615385,63180
Alaska,2005,208510.410260114,5.866730769,46330
Maryland,2007,340016.943236185,6.337307692,50230
South Carolina,2025,299373.851512301,6.595094340,
New Mexico,2022,276369.798283861,5.344038462,74580
Mississippi,2014,117718.125881857,4.168867925,53660
New Jersey,2024,521912.337098413,6.721153846,83730
Minnesota,2015,192146.796652278,3.850576923,56520
California,2003,294877.334594893,5.826981132,43320
Louisiana,2022,217619.982909256,5.344038462,74580
Wisconsin,2012,145400.681273366,3.6575,51020
Oklahoma,2008,111937.004654382,6.027169811,50300
Wyoming,2009,197579.65568733,5.036538462,49780
Alaska,2009,245078.638437102,5.036538462,49780
New Mexico,2007,190071.44784669,6.337307692,50230
Florida,2010,146401.552498518,4.689807692,49280
Utah,2017,282687.617451537,3.989807692,61140
Hawaii,2003,254951.824051282,5.826981132,43320
Minnesota,2018,234078.672742989,4.544615385,63180
California,2022,739682.409919217,5.344038462,74580
Oregon,2010,221969.543638549,4.689807692,49280
Wisconsin,2020,214271.573524109,3.111698113,68010
Minnesota,2005,203569.355113507,5.866730769,46330
Rhode Island,2012,208211.445322844,3.6575,51020
South Carolina,2003,128886.809364564,5.826981132,43320
Colorado,2022,550687.619889489,5.344038462,74580
Pennsylvania,2026,278081.155205581,6.084545455,
Montana,2009,186799.228243734,5.036538462,49780
Ohio,2019,148249.208819082,3.935769231,68700
Indiana,2016,127087.484549212,3.654038462,59040
Washington,2014,254039.064965955,4.168867925,53660
Louisiana,2006,153493.925678902,6.413269231,48200
Oklahoma,2021,169104.248852356,2.957692308,70780
Pennsylvania,2010,161381.36712488,4.689807692,49280
South Carolina,2008,162358.38581869,6.027169811,50300
Kentucky,2010,113745.686975925,4.689807692,49280
Alabama,2024,228289.443554841,6.721153846,83730
Vermont,2004,164381.242945879,5.839230769,44330
Arizona,2021,365920.435849054,2.957692308,70780
Oregon,2021,441227.223300299,2.957692308,70780
Oregon,2020,376712.627650806,3.111698113,68010
Vermont,2011,207275.4081979,4.447884615,50050
Montana,2003,,5.826981132,43320
Arizona,2006,281432.597836455,6.413269231,48200
Oklahoma,2007,110414.265449533,6.337307692,50230
Tennessee,2002,119985.530723574,6.537307692,42410
Massachusetts,2000,202552.722019877,8.053461538,41990
North Carolina,2016,170660.754624452,3.654038462,59040
Hawaii,2009,423142.8083727,5.036538462,49780
South Dakota,2006,136022.700302008,6.413269231,48200
Idaho,2016,202175.913316419,3.654038462,59040
Montana,2011,175354.454726611,4.447884615,50050
California,2000,197809.102023516,8.053461538,41990
Kansas,2010,118176.584098542,4.689807692,49280
Colorado,2017,348694.865751781,3.989807692,61140
Alaska,2007,240382.662223339,6.337307692,50230
Georgia,2007,171085.94275082,6.337307692,50230
Massachusetts,2026,641762.576221112,6.084545455,
Colorado,2010,223303.808579557,4.689807692,49280
District of Columbia,2017,521905.968196596,3.989807692,61140
Mississippi,2008,124056.091608399,6.027169811,50300
West Virginia,2004,88671.403101087,5.839230769,44330
Colorado,2019,392782.772799609,3.935769231,68700
Kentucky,2013,112328.857205202,3.975576923,53590
Nebraska,2024,257179.395498066,6.721153846,83730
Ohio,2010,114916.863683061,4.689807692,49280
Alaska,2000,135233.066963719,8.053461538,41990
Missouri,2019,164835.301667067,3.935769231,68700
California,2019,536967.654065625,3.935769231,68700
Idaho,2018,245968.291236721,4.544615385,63180
Colorado,2012,218104.160628337,3.6575,51020
Mississippi,2017,134374.505548584,3.989807692,61140
District of Columbia,2025,580335.701766491,6.595094340,
Nevada,2005,313183.856285416,5.866730769,46330
Mississippi,2025,188086.324528259,6.595094340,
Vermont,2008,214696.900515161,6.027169811,50300
New Hampshire,2016,234434.436131138,3.654038462,59040
North Dakota,2012,169683.786398061,3.6575,51020
Massachusetts,2002,266195.020687814,6.537307692,42410
Montana,2015,211054.913710034,3.850576923,56520
Connecticut,2008,284583.604486855,6.027169811,50300
Wyoming,2022,314760.520685105,5.344038462,74580
California,2015,412642.369629806,3.850576923,56520
Florida,2015,181100.034823748,3.850576923,56520
New Hampshire,2018,265987.828419064,4.544615385,63180
Arizona,2016,219546.278689462,3.654038462,59040
Wyoming,2016,227689.729850773,3.654038462,59040
Michigan,2022,221629.349425671,5.344038462,74580
Arizona,2020,295886.292385068,3.111698113,68010
South Carolina,2002,124958.391214953,6.537307692,42410
Kentucky,2024,217149.93155439,6.721153846,83730
California,2010,304768.705302025,4.689807692,49280
Colorado,2008,232391.324847014,6.027169811,50300
Arizona,2026,420719.982602081,6.084545455,
Kentucky,2004,105682.070044909,5.839230769,44330
Iowa,2024,213611.419487356,6.721153846,83730
Montana,2018,247047.485668289,4.544615385,63180
Texas,2023,305657.777541172,6.806730769,80610
Arizona,2019,269611.694690298,3.935769231,68700
Georgia,2025,330568.438427734,6.595094340,
Alaska,2008,245469.199866142,6.027169811,50300
Montana,2021,350653.981202207,2.957692308,70780
New York,2006,273645.51166191,6.413269231,48200
Rhode Island,2021,360208.041788154,2.957692308,70780
Pennsylvania,2008,167594.043310903,6.027169811,50300
Colorado,2002,218387.412920797,6.537307692,42410
Delaware,2021,319880.416295968,2.957692308,70780
Hawaii,2015,506023.120380596,3.850576923,56520
Vermont,2023,372944.514046654,6.806730769,80610
Kentucky,2023,207669.152569924,6.806730769,80610
Idaho,2015,186581.382122008,3.850576923,56520
West Virginia,2003,83418.480057003,5.826981132,43320
Indiana,2001,100171.24862391,6.967884615,42230
Oklahoma,2009,111678.205348554,5.036538462,49780
Vermont,2013,216884.005263337,3.975576923,53590
Arizona,2022,441928.483242579,5.344038462,74580
New Jersey,2013,275881.503648451,3.975576923,53590
Oregon,2017,319503.849176881,3.989807692,61140
Georgia,2024,334420.726969337,6.721153846,83730
Tennessee,2026,327438.564928735,6.084545455,
Hawaii,2024,837723.647893736,6.721153846,83730
Idaho,2003,135859.460617267,5.826981132,43320
South Dakota,2001,106760.908550725,6.967884615,42230
Tennessee,2004,127471.88520934,5.839230769,44330
Montana,2025,450338.996603249,6.595094340,
Maryland,2020,326901.710554232,3.111698113,68010
Alaska,2004,191189.095147167,5.839230769,44330
Minnesota,2016,204951.655072831,3.654038462,59040
New York,2020,353588.314120703,3.111698113,68010
New Hampshire,2005,246982.761833861,5.866730769,46330
Tennessee,2000,113067.194091918,8.053461538,41990
Michigan,2008,125941.960978331,6.027169811,50300
Wisconsin,2007,175404.567682842,6.337307692,50230
Massachusetts,2020,441124.230440567,3.111698113,68010
Washington,2026,592415.456283774,6.084545455,
Missouri,2015,133485.819886677,3.850576923,56520
Arizona,2004,177380.283919622,5.839230769,44330
Nebraska,2020,187858.272739995,3.111698113,68010
Maine,2016,191783.919018427,3.654038462,59040
California,2026,764858.740152606,6.084545455,
Tennessee,2010,140490.842186848,4.689807692,49280
Louisiana,2020,196270.393802626,3.111698113,68010
Pennsylvania,2006,162185.897553275,6.413269231,48200
Montana,2010,181166.916914812,4.689807692,49280
California,2005,435464.700558806,5.866730769,46330
Utah,2013,210132.379262895,3.975576923,53590
New Jersey,2001,191300.985685748,6.967884615,42230
Texas,2014,154498.566151378,4.168867925,53660
Ohio,2012,107578.641336459,3.6575,51020
Wyoming,2017,228522.029170089,3.989807692,61140
Washington,2022,577960.442648274,5.344038462,74580
Hawaii,2002,223904.375323127,6.537307692,42410
New Hampshire,2024,467902.978720958,6.721153846,83730
Kansas,2021,180922.008419904,2.957692308,70780
Connecticut,2017,242955.733910242,3.989807692,61140
Mississippi,2026,189165.230895906,6.084545455,
Oregon,2001,158217.068196178,6.967884615,42230
New Hampshire,2015,223757.79508048,3.850576923,56520
Iowa,2010,118303.575029083,4.689807692,49280
Minnesota,2013,170465.908853038,3.975576923,53590
Louisiana,2017,178579.436574957,3.989807692,61140
New York,2026,500980.305794635,6.084545455,
Montana,2001,,6.967884615,42230
Maryland,2005,289188.743336583,5.866730769,46330
Alabama,2006,130286.853893676,6.413269231,48200
Hawaii,2000,196797.470167518,8.053461538,41990
Utah,2025,523114.360915817,6.595094340,
Vermont,2001,125159.793845254,6.967884615,42230
West Virginia,2020,121877.754420033,3.111698113,68010
Colorado,2000,184806.594583751,8.053461538,41990
North Dakota,2019,218084.29532468,3.935769231,68700
Wisconsin,2023,282213.542938674,6.806730769,80610
Oregon,2019,355000.540152072,3.935769231,68700
Arizona,2024,433541.308809815,6.721153846,83730
Kansas,2018,142682.674496213,4.544615385,63180
Iowa,2006,116993.633409687,6.413269231,48200
Arkansas,2019,149680.671391975,3.935769231,68700
New Hampshire,2013,207038.357574728,3.975576923,53590
Kentucky,2017,131611.127593737,3.989807692,61140
New Mexico,2020,209402.088790147,3.111698113,68010
South Carolina,2009,153405.593584098,5.036538462,49780
New Hampshire,2014,214829.403637997,4.168867925,53660
Rhode Island,2022,403728.107891143,5.344038462,74580
Missouri,2006,138969.553012739,6.413269231,48200
Pennsylvania,2025,273997.613518477,6.595094340,
New Jersey,2017,316031.21590831,3.989807692,61140
South Dakota,2018,192918.921409563,4.544615385,63180
Mississippi,2005,109708.767656307,5.866730769,46330
New Jersey,2000,172894.142775318,8.053461538,41990
Ohio,2005,126028.037177445,5.866730769,46330
Kansas,2024,224644.830562792,6.721153846,83730
Montana,2020,281484.977782876,3.111698113,68010
Mississippi,2016,132473.556749963,3.654038462,59040
Georgia,2012,121597.724685605,3.6575,51020
California,2008,381108.993330018,6.027169811,50300
Indiana,2023,225213.570658503,6.806730769,80610
South Dakota,2023,291021.628556524,6.806730769,80610
Vermont,2019,256152.24690244,3.935769231,68700
Oklahoma,2020,148878.040606915,3.111698113,68010
Georgia,2000,129235.743476026,8.053461538,41990
Delaware,2013,214628.017617086,3.975576923,53590
Alaska,2011,242859.567834059,4.447884615,50050
Louisiana,2016,179405.643286396,3.654038462,59040
Virginia,2016,244783.826320863,3.654038462,59040
Kansas,2008,119156.523437427,6.027169811,50300
Arkansas,2004,107076.992591711,5.839230769,44330
Virginia,2003,166995.440896597,5.826981132,43320
New Jersey,2016,306252.494078719,3.654038462,59040
Minnesota,2022,317913.890981953,5.344038462,74580
Utah,2024,513181.942394255,6.721153846,83730
California,2009,308670.807863627,5.036538462,49780
Kentucky,2011,110454.076185967,4.447884615,50050
Alaska,2023,353925.928278819,6.806730769,80610
Washington,2002,194388.143997111,6.537307692,42410
Montana,2002,,6.537307692,42410
Maine,2014,177887.904326273,4.168867925,53660
Wisconsin,2002,133571.68316037,6.537307692,42410
Michigan,2021,201040.232309579,2.957692308,70780
Massachusetts,2007,346563.596335491,6.337307692,50230
North Carolina,2005,151935.928626501,5.866730769,46330
Kentucky,2015,119281.283927345,3.850576923,56520
Oregon,2026,492278.089465537,6.084545455,
Mississippi,2013,113890.202573445,3.975576923,53590
Arkansas,2008,126387.84796879,6.027169811,50300
South Dakota,2002,110004.475535481,6.537307692,42410
Wyoming,2006,182403.681461989,6.413269231,48200
Indiana,2011,110182.190311883,4.447884615,50050
Wisconsin,2016,167756.403156736,3.654038462,59040
Hawaii,2022,820544.062544189,5.344038462,74580
Florida,2017,214322.941770956,3.989807692,61140
Maryland,2013,253186.388676486,3.975576923,53590
South Carolina,2007,164264.750405785,6.337307692,50230
Connecticut,2010,252207.420928813,4.689807692,49280
Wisconsin,2024,297035.979696773,6.721153846,83730
Hawaii,2010,414434.805587346,4.689807692,49280
Wyoming,2001,,6.967884615,42230
Nebraska,2017,156927.661513704,3.989807692,61140
Wisconsin,2001,126357.675212262,6.967884615,42230
Vermont,2005,184815.926642024,5.866730769,46330
Minnesota,2002,161575.242546628,6.537307692,42410
Utah,2021,445999.388818453,2.957692308,70780
North Carolina,2001,136191.3024732,6.967884615,42230
Iowa,2025,221679.387618275,6.595094340,
Wyoming,2024,337581.065305511,6.721153846,83730
Georgia,2021,260237.74894081,2.957692308,70780
Iowa,2002,99144.909082098,6.537307692,42410
Colorado,2006,238851.984085897,6.413269231,48200
New Mexico,2005,155072.37583974,5.866730769,46330
Florida,2022,374163.719497079,5.344038462,74580
Colorado,2018,374736.390700417,4.544615385,63180
Maine,2017,204483.30059775,3.989807692,61140
Arizona,2007,270756.041857208,6.337307692,50230
Idaho,2011,145230.042014412,4.447884615,50050
Arizona,2002,153869.558598129,6.537307692,42410
New York,2025,487386.484554113,6.595094340,
South Dakota,2020,215192.630209382,3.111698113,68010
Kentucky,2009,114566.608398535,5.036538462,49780
Wyoming,2000,,8.053461538,41990
Oregon,2014,236798.946993079,4.168867925,53660
Ohio,2025,231670.807349897,6.595094340,
Vermont,2012,210476.476899555,3.6575,51020
Maine,2025,394118.903524743,6.595094340,
Utah,2005,184380.434899604,5.866730769,46330
New Hampshire,2019,277985.180643481,3.935769231,68700
District of Columbia,2018,549530.393814782,4.544615385,63180
North Dakota,2006,,6.413269231,48200
Texas,2020,224604.842934429,3.111698113,68010
Colorado,2004,227185.40000455,5.839230769,44330
Texas,2009,140771.912106917,5.036538462,49780
Minnesota,2019,246372.922748282,3.935769231,68700
Maryland,2015,273334.330410793,3.850576923,56520
Illinois,2025,272336.489175583,6.595094340,
District of Columbia,2011,357732.097015047,4.447884615,50050
Iowa,2008,120115.25431244,6.027169811,50300
South Carolina,2013,143058.690161823,3.975576923,53590
District of Columbia,2006,387758.551766633,6.413269231,48200
District of Columbia,2015,475926.947432889,3.850576923,56520
New Jersey,2022,453529.243717583,5.344038462,74580
Michigan,2013,104924.547128588,3.975576923,53590
Kentucky,2022,198302.233208154,5.344038462,74580
Kentucky,2003,102334.72769981,5.826981132,43320
Connecticut,2014,233102.387867502,4.168867925,53660
New Hampshire,2002,177396.850309165,6.537307692,42410
New Jersey,2009,309931.6239461,5.036538462,49780
Indiana,2015,121279.7647428,3.850576923,56520
Washington,2021,507801.844172619,2.957692308,70780
West Virginia,2026,169418.405670352,6.084545455,
Kentucky,2026,228550.3289552,6.084545455,
Indiana,2026,249196.804303604,6.084545455,
Nevada,2021,365573.300913351,2.957692308,70780
New York,2015,272446.47309337,3.850576923,56520
Illinois,2010,162774.640219599,4.689807692,49280
Michigan,2023,227290.666860165,6.806730769,80610
Illinois,2015,162198.711369882,3.850576923,56520
Georgia,2010,138015.093868307,4.689807692,49280
Minnesota,2021,292067.714895924,2.957692308,70780
South Dakota,2024,297749.049051851,6.721153846,83730
New Mexico,2002,133575.752496513,6.537307692,42410
Delaware,2005,240657.620396913,5.866730769,46330
Delaware,2009,247291.457102914,5.036538462,49780
Kansas,2005,110848.523213069,5.866730769,46330
Michigan,2016,133684.009217011,3.654038462,59040
Connecticut,2018,248581.826837394,4.544615385,63180
Kentucky,2007,115864.740086471,6.337307692,50230
Texas,2016,180164.235356023,3.654038462,59040
New Hampshire,2011,205866.379150517,4.447884615,50050
Alabama,2002,108003.467139909,6.537307692,42410
Kentucky,2021,178830.759021849,2.957692308,70780
Minnesota,2023,320303.460874068,6.806730769,80610
South Carolina,2021,234710.957284234,2.957692308,70780
Indiana,2020,165629.767868359,3.111698113,68010
Iowa,2012,117464.766968323,3.6575,51020
South Dakota,2005,129699.100765613,5.866730769,46330
Ohio,2023,209395.760749994,6.806730769,80610
North Carolina,2004,145886.494076099,5.839230769,44330
Hawaii,2019,605524.866345054,3.935769231,68700
Arkansas,2023,205064.659955616,6.806730769,80610
Delaware,2026,396012.012106437,6.084545455,
Texas,2022,303346.021652865,5.344038462,74580
Oklahoma,2023,200934.918780075,6.806730769,80610
Montana,2016,222554.036328267,3.654038462,59040
Montana,2000,,8.053461538,41990
Kentucky,2001,95669.991819112,6.967884615,42230
Washington,2004,221383.793758558,5.839230769,44330
Wisconsin,2006,173307.970305479,6.413269231,48200
New Mexico,2017,177341.32811151,3.989807692,61140
Arkansas,2000,90038.922452416,8.053461538,41990
Oklahoma,2017,128478.848882495,3.989807692,61140
Vermont,2021,312603.266574737,2.957692308,70780
New York,2018,320088.619549397,4.544615385,63180
Louisiana,2004,132263.912037444,5.839230769,44330
Louisiana,2013,161178.584740132,3.975576923,53590
New Jersey,2021,410688.018465561,2.957692308,70780
District of Columbia,2005,347663.983994447,5.866730769,46330
Minnesota,2009,175904.150212618,5.036538462,49780
Montana,2024,441815.643805594,6.721153846,83730
Rhode Island,2006,296984.62849106,6.413269231,48200
District of Columbia,2003,244952.428284615,5.826981132,43320
Alaska,2020,312052.21177692,3.111698113,68010
Missouri,2011,122599.473225968,4.447884615,50050
New Jersey,2007,358647.48692863,6.337307692,50230
Maine,2004,170874.666501244,5.839230769,44330
Washington,2007,318617.470212155,6.337307692,50230
Texas,2012,136176.203646406,3.6575,51020
Indiana,2004,106657.044939996,5.839230769,44330
Alaska,2018,283844.01532787,4.544615385,63180
Maine,2010,176803.442955142,4.689807692,49280
Iowa,2023,205687.002905498,6.806730769,80610
Alaska,2022,350571.462347691,5.344038462,74580
Nevada,2014,192806.755611021,4.168867925,53660
Maryland,2001,162890.711697681,6.967884615,42230
Tennessee,2001,117018.908883,6.967884615,42230
Wyoming,2012,198118.678123637,3.6575,51020
Nebraska,2009,127008.894833876,5.036538462,49780
Michigan,2010,98869.435927205,4.689807692,49280
Ohio,2026,236724.852381822,6.084545455,
Kansas,2004,104823.352731706,5.839230769,44330
Hawaii,2007,472407.072912913,6.337307692,50230
South Carolina,2015,154605.087644812,3.850576923,56520
Delaware,2022,356545.87958235,5.344038462,74580
Hawaii,2021,695969.269139486,2.957692308,70780
Georgia,2011,125067.264834992,4.447884615,50050
Utah,2019,333333.904645555,3.935769231,68700
Arkansas,2010,120666.479817328,4.689807692,49280
Hawaii,2023,823653.551455039,6.806730769,80610
Wyoming,2011,192646.674781194,4.447884615,50050
North Dakota,2000,,8.053461538,41990
Maryland,2003,203734.546340616,5.826981132,43320
South Dakota,2013,156904.590257053,3.975576923,53590
Montana,2005,161436.040762929,5.866730769,46330
South Carolina,2022,277321.280283495,5.344038462,74580
Indiana,2017,134304.066476822,3.989807692,61140
Louisiana,2021,206340.797237312,2.957692308,70780
Louisiana,2024,208238.340864513,6.721153846,83730
Oklahoma,2004,98154.780105213,5.839230769,44330
Wisconsin,2025,310776.505487253,6.595094340,
Wisconsin,2003,141958.989873816,5.826981132,43320
Nebraska,2026,270857.21893564,6.084545455,
North Dakota,2018,215855.102897404,4.544615385,63180
Kansas,2011,114408.720737714,4.447884615,50050
Rhode Island,2011,218395.846253911,4.447884615,50050
Mississippi,2000,90315.946946126,8.053461538,41990
South Carolina,2001,121517.928743858,6.967884615,42230
Oklahoma,2016,125066.551768562,3.654038462,59040
Rhode Island,2008,264608.944288679,6.027169811,50300
Arizona,2012,147437.482685925,3.6575,51020
Arkansas,2016,134350.76271093,3.654038462,59040
Arizona,2013,174901.414709385,3.975576923,53590
Oregon,2018,341653.630594517,4.544615385,63180
Wyoming,2005,167033.201534362,5.866730769,46330
Connecticut,2006,302198.531427801,6.413269231,48200
Oklahoma,2024,207918.488935163,6.721153846,83730
Colorado,2013,236966.527878551,3.975576923,53590
Indiana,2010,113275.569961587,4.689807692,49280
Alaska,2026,380099.962816924,6.084545455,
North Dakota,2020,225002.719952964,3.111698113,68010
Colorado,2023,540325.246740269,6.806730769,80610
Ohio,2013,110683.969805518,3.975576923,53590
Idaho,2022,476069.143435018,5.344038462,74580
Missouri,2007,141264.928414227,6.337307692,50230
Kentucky,2000,90763.895464197,8.053461538,41990
Louisiana,2008,162668.9653404,6.027169811,50300
Alabama,2000,101032.103454857,8.053461538,41990
Connecticut,2020,263071.518297687,3.111698113,68010
Idaho,2017,220508.034010586,3.989807692,61140
Utah,2003,177716.582355894,5.826981132,43320
Vermont,2009,209886.991182635,5.036538462,49780
Maine,2013,173624.942127179,3.975576923,53590
Alabama,2026,231708.895903327,6.084545455,
Connecticut,2001,178858.000299001,6.967884615,42230
Nebraska,2001,110249.621280801,6.967884615,42230
Minnesota,2014,183332.731979914,4.168867925,53660
Delaware,2016,244682.698920739,3.654038462,59040
California,2018,521936.344837683,4.544615385,63180
Idaho,2021,416629.595795678,2.957692308,70780
Nebraska,2003,115272.182165153,5.826981132,43320
South Dakota,2019,202495.754457923,3.935769231,68700
New Mexico,2025,307668.126259693,6.595094340,
Missouri,2014,128187.368808458,4.168867925,53660
South Dakota,2016,176696.572611192,3.654038462,59040
Rhode Island,2014,222978.762796579,4.168867925,53660
Alabama,2016,139962.93032955,3.654038462,59040
Texas,2017,191991.199979973,3.989807692,61140
Nebraska,2011,124860.949725234,4.447884615,50050
Minnesota,2008,192874.720736114,6.027169811,50300
Nebraska,2019,176009.082869385,3.935769231,68700
North Carolina,2022,308352.541594547,5.344038462,74580
Arkansas,2020,158734.502682689,3.111698113,68010
Maryland,2018,301700.181831963,4.544615385,63180
Michigan,2012,94313.474977859,3.6575,51020
Florida,2026,372663.444007595,6.084545455,
Virginia,2019,272591.822269311,3.935769231,68700
New Hampshire,2010,212168.359429072,4.689807692,49280
Maryland,2012,240496.405248902,3.6575,51020
South Dakota,2014,161572.769506295,4.168867925,53660
New Hampshire,2003,201548.746853636,5.826981132,43320
New Mexico,2023,288598.540403812,6.806730769,80610
Minnesota,2020,260304.701943214,3.111698113,68010
Idaho,2010,161233.5203724,4.689807692,49280
Oklahoma,2001,88305.463982159,6.967884615,42230
Texas,2018,203950.515911116,4.544615385,63180
Rhode Island,2009,233235.674072845,5.036538462,49780
Rhode Island,2023,425058.016313352,6.806730769,80610
Pennsylvania,2016,164363.16892031,3.654038462,59040
South Dakota,2026,311206.787669264,6.084545455,
Texas,2011,135742.559349403,4.447884615,50050
Virginia,2014,232648.691660985,4.168867925,53660
Ohio,2009,117852.459517949,5.036538462,49780
Alabama,2003,111253.62305096,5.826981132,43320
Oklahoma,2018,133165.640469618,4.544615385,63180
West Virginia,2002,80010.276903354,6.537307692,42410
Washington,2008,305006.11075091,6.027169811,50300
Georgia,2019,205147.038496211,3.935769231,68700
Alabama,2011,119875.264889055,4.447884615,50050
Arkansas,2014,124354.354768391,4.168867925,53660
Michigan,2002,130785.491903167,6.537307692,42410
Missouri,2020,175951.96674127,3.111698113,68010
Tennessee,2023,313546.841510725,6.806730769,80610
New Jersey,2020,361636.754238319,3.111698113,68010
Nevada,2001,165784.796935924,6.967884615,42230
Massachusetts,2015,338497.45348907,3.850576923,56520
Minnesota,2012,155426.984152387,3.6575,51020
New Hampshire,2025,485283.281246597,6.595094340,
District of Columbia,2021,623241.254248095,2.957692308,70780
Michigan,2024,238677.450194959,6.721153846,83730
Georgia,2015,154987.46096048,3.850576923,56520
Ohio,2016,125287.928097258,3.654038462,59040
Connecticut,2012,227164.085359964,3.6575,51020
New Mexico,2000,,8.053461538,41990
Oregon,2024,490671.861951335,6.721153846,83730
Oklahoma,2013,112809.591653977,3.975576923,53590
New York,2023,436144.430107015,6.806730769,80610
West Virginia,2007,103123.041908102,6.337307692,50230
Michigan,2009,107074.895171871,5.036538462,49780
Mississippi,2024,185024.251018144,6.721153846,83730
Missouri,2016,140823.881151016,3.654038462,59040
New York,2008,276306.963476612,6.027169811,50300
New York,2002,183470.502836316,6.537307692,42410
District of Columbia,2002,208854.014704294,6.537307692,42410
Oregon,2023,484098.031064289,6.806730769,80610
Georgia,2005,160323.098875106,5.866730769,46330
North Dakota,2025,269849.271279535,6.595094340,
Oklahoma,2003,94799.985576284,5.826981132,43320
North Carolina,2018,193075.18042137,4.544615385,63180
Georgia,2001,138722.891519506,6.967884615,42230
Arkansas,2015,128180.466565174,3.850576923,56520
Rhode Island,2016,244793.190377609,3.654038462,59040
California,2001,225358.727588201,6.967884615,42230
New York,2009,262303.363219883,5.036538462,49780
Nevada,2019,302736.079038187,3.935769231,68700
Louisiana,2001,116183.376261061,6.967884615,42230
Kentucky,2006,113844.169627285,6.413269231,48200
Vermont,2025,379388.036438509,6.595094340,
South Carolina,2010,148129.367582694,4.689807692,49280
Colorado,2025,540378.450863547,6.595094340,
North Dakota,2005,,5.866730769,46330
Pennsylvania,2009,162024.452510545,5.036538462,49780
Illinois,2017,178078.764670414,3.989807692,61140
South Carolina,2011,140388.667061581,4.447884615,50050
North Carolina,2024,331174.718243149,6.721153846,83730
Alaska,2002,168987.788863229,6.537307692,42410
New Jersey,2006,361444.317751599,6.413269231,48200
Missouri,2017,148571.280797543,3.989807692,61140
Wyoming,2010,194469.480883042,4.689807692,49280
Mississippi,2009,119948.532669934,5.036538462,49780
Kentucky,2005,109969.298977343,5.866730769,46330
Indiana,2005,112544.749629751,5.866730769,46330
Indiana,2000,96714.608617101,8.053461538,41990
Tennessee,2017,175650.576081537,3.989807692,61140
Arizona,2008,226549.992407378,6.027169811,50300
Texas,2008,144240.670906351,6.027169811,50300
Michigan,2014,116669.713432564,4.168867925,53660
Indiana,2019,153847.592811842,3.935769231,68700
Pennsylvania,2004,133191.590823451,5.839230769,44330
New Hampshire,2000,136500.679150996,8.053461538,41990
Massachusetts,2023,575591.724017654,6.806730769,80610
Maine,2022,346417.506499425,5.344038462,74580
Florida,2018,230649.562124959,4.544615385,63180
Iowa,2003,103282.440686494,5.826981132,43320
Nebraska,2002,110433.470198775,6.537307692,42410
Missouri,2009,132964.008623067,5.036538462,49780
Hawaii,2008,462640.135822482,6.027169811,50300
Maine,2020,249330.945507243,3.111698113,68010
North Carolina,2017,180848.063788062,3.989807692,61140
District of Columbia,2001,181798.602941601,6.967884615,42230
Kansas,2016,131152.621573816,3.654038462,59040
North Dakota,2021,235611.336596307,2.957692308,70780
Colorado,2007,239524.983485571,6.337307692,50230
Kansas,2022,203291.746520257,5.344038462,74580
New York,2007,279211.179527759,6.337307692,50230
Vermont,2016,229035.196269822,3.654038462,59040
Idaho,2002,132399.61711395,6.537307692,42410
Tennessee,2018,188503.862885075,4.544615385,63180
New Mexico,2026,309930.323122291,6.084545455,
Missouri,2023,236668.141812796,6.806730769,80610
Alabama,2013,128972.422809964,3.975576923,53590
Arkansas,2024,211475.460253191,6.721153846,83730
Virginia,2015,237889.244070528,3.850576923,56520
California,2011,288166.018220114,4.447884615,50050
North Carolina,2000,130928.323020585,8.053461538,41990
New York,2005,251221.270630991,5.866730769,46330
California,2021,651426.148442518,2.957692308,70780
Massachusetts,2021,502310.316118063,2.957692308,70780
South Carolina,2019,190856.911092138,3.935769231,68700
Minnesota,2003,175771.968265036,5.826981132,43320
South Carolina,2018,181360.64837812,4.544615385,63180
Alabama,2022,218554.765187683,5.344038462,74580
Wisconsin,2011,148497.172348331,4.447884615,50050
Oklahoma,2012,109730.412262021,3.6575,51020
Connecticut,2022,336860.879840002,5.344038462,74580
Arkansas,2018,144020.151740594,4.544615385,63180
Pennsylvania,2011,154897.774542743,4.447884615,50050
Illinois,2018,185993.396096252,4.544615385,63180
Connecticut,2026,424472.703157723,6.084545455,
Arkansas,2005,115011.648803877,5.866730769,46330
New Hampshire,2023,435117.017238181,6.806730769,80610
Louisiana,2018,181119.287162196,4.544615385,63180
Utah,2002,177881.008325353,6.537307692,42410
Texas,2025,300639.900743323,6.595094340,
New York,2017,300864.017346458,3.989807692,61140
Nevada,2007,318231.40965279,6.337307692,50230
District of Columbia,2007,388493.81334158,6.337307692,50230
Nebraska,2022,235534.90242686,5.344038462,74580
Maryland,2011,244831.359143781,4.447884615,50050
Kentucky,2012,110764.266725621,3.6575,51020
Vermont,2002,136170.509495135,6.537307692,42410
Tennessee,2025,326764.617649906,6.595094340,
Texas,2019,213239.12774954,3.935769231,68700
Alabama,2015,135095.071872827,3.850576923,56520
Rhode Island,2013,213792.935816701,3.975576923,53590
Texas,2026,297602.040136361,6.084545455,
Connecticut,2025,413058.70018197,6.595094340,
Kansas,2002,97816.666515646,6.537307692,42410
Virginia,2025,400222.200811103,6.595094340,
Indiana,2014,116899.613297363,4.168867925,53660
Delaware,2008,265249.841193733,6.027169811,50300
California,2013,334564.817760784,3.975576923,53590
Maine,2026,396350.030287252,6.084545455,
Nevada,2023,420342.691434019,6.806730769,80610
Florida,2009,162075.521579486,5.036538462,49780
Nebraska,2018,166759.147653983,4.544615385,63180
Maryland,2021,365331.346330029,2.957692308,70780
West Virginia,2023,154563.934139716,6.806730769,80610
West Virginia,2006,100535.802283453,6.413269231,48200
Pennsylvania,2023,253503.00379943,6.806730769,80610
Wisconsin,2015,159669.622897728,3.850576923,56520
New York,2003,203096.497954288,5.826981132,43320
Vermont,2006,203213.368504943,6.413269231,48200
Montana,2012,178549.540318013,3.6575,51020
Maryland,2019,312139.41843233,3.935769231,68700
Michigan,2006,146034.05344521,6.413269231,48200
District of Columbia,2024,599667.552451422,6.721153846,83730
Oregon,2006,254216.027567115,6.413269231,48200
Wyoming,2004,153845.657846879,5.839230769,44330
Hawaii,2026,823703.339294331,6.084545455,
Hawaii,2017,566376.810220367,3.989807692,61140
Mississippi,2018,137567.684262948,4.544615385,63180
Missouri,2002,113123.502751791,6.537307692,42410
Nevada,2024,440093.733476444,6.721153846,83730
Nevada,2013,162958.762290304,3.975576923,53590
New Hampshire,2017,249150.669035433,3.989807692,61140
Ohio,2022,200344.925640049,5.344038462,74580
Michigan,2015,124733.030828486,3.850576923,56520
North Carolina,2023,319954.183448355,6.806730769,80610
Utah,2010,203564.273738994,4.689807692,49280
California,2024,768022.458732518,6.721153846,83730
Wyoming,2014,209351.997134695,4.168867925,53660
New Jersey,2026,557732.138528982,6.084545455,
Colorado,2009,225181.719793863,5.036538462,49780
South Carolina,2016,163532.423653674,3.654038462,59040
Utah,2018,309298.951248602,4.544615385,63180
North Dakota,2007,,6.337307692,50230
Hawaii,2013,437000.639367953,3.975576923,53590
Wisconsin,2026,321567.153660117,6.084545455,
South Carolina,2006,157531.205699754,6.413269231,48200
Florida,2002,131659.657814186,6.537307692,42410
Virginia,2004,193627.90881805,5.839230769,44330
Indiana,2013,112970.735698091,3.975576923,53590
Michigan,2019,164658.823906833,3.935769231,68700
Oregon,2016,291387.966123232,3.654038462,59040
Missouri,2005,133281.255874716,5.866730769,46330
California,2006,479834.513630058,6.413269231,48200
Maine,2000,107659.997036483,8.053461538,41990
Indiana,2008,117513.394203073,6.027169811,50300
Virginia,2010,221132.143162327,4.689807692,49280
New Mexico,2015,168512.199785612,3.850576923,56520
New York,2013,254591.467832928,3.975576923,53590
New Hampshire,2012,201929.730920317,3.6575,51020
Maine,2023,367356.53268169,6.806730769,80610
Pennsylvania,2024,265245.583008262,6.721153846,83730
New Jersey,2008,337879.569894605,6.027169811,50300
Oregon,2012,198651.167539657,3.6575,51020
South Carolina,2004,134843.583623285,5.839230769,44330
West Virginia,2017,110360.282493885,3.989807692,61140
Illinois,2014,156073.031432782,4.168867925,53660
Utah,2006,203521.08142024,6.413269231,48200
Maryland,2017,291433.114588593,3.989807692,61140
Oregon,2013,216235.317491529,3.975576923,53590
Kansas,2026,238679.200632133,6.084545455,
Tennessee,2009,143484.14384,5.036538462,49780
Florida,2023,390680.781054898,6.806730769,80610
District of Columbia,2000,166561.704726942,8.053461538,41990
Oklahoma,2022,192354.852149275,5.344038462,74580
Kansas,2000,88814.302549239,8.053461538,41990
Virginia,2000,126980.528463404,8.053461538,41990
Wisconsin,2010,158834.191592763,4.689807692,49280
Montana,2026,454603.411879549,6.084545455,
Maryland,2016,281297.145045157,3.654038462,59040
Florida,2014,166204.796488145,4.168867925,53660
Tennessee,2012,135325.921937039,3.6575,51020
Arizona,2018,252412.509840148,4.544615385,63180
Texas,2003,121318.718248657,5.826981132,43320
Illinois,2020,197539.929963978,3.111698113,68010
Indiana,2018,143924.147179826,4.544615385,63180
New Jersey,2015,296625.490593946,3.850576923,56520
Vermont,2026,380759.87132918,6.084545455,
Maine,2011,173241.796905902,4.447884615,50050
North Carolina,2008,171271.227695017,6.027169811,50300
Rhode Island,2003,209967.321552147,5.826981132,43320
Virginia,2005,234814.41527361,5.866730769,46330
Oklahoma,2019,138796.509167669,3.935769231,68700
Tennessee,2022,303684.15948814,5.344038462,74580
Wisconsin,2004,153898.202867683,5.839230769,44330
New Jersey,2011,280825.497107927,4.447884615,50050
Nebraska,2008,128859.136908248,6.027169811,50300
Washington,2012,220643.718177995,3.6575,51020
Indiana,2007,117595.545132753,6.337307692,50230
Maine,2001,119531.730785567,6.967884615,42230
Arizona,2005,228547.96224685,5.866730769,46330
Arkansas,2007,126515.452414112,6.337307692,50230
Kansas,2009,118600.061147098,5.036538462,49780
Delaware,2019,269033.031959387,3.935769231,68700
District of Columbia,2022,635134.12044588,5.344038462,74580
Missouri,2003,120244.566292825,5.826981132,43320
Idaho,2023,446735.759780271,6.806730769,80610
Oregon,2008,262047.905505774,6.027169811,50300
Delaware,2000,149888.591003177,8.053461538,41990
Wyoming,2018,232236.443621317,4.544615385,63180
Kentucky,2019,147344.837804708,3.935769231,68700
South Carolina,2012,139287.691273098,3.6575,51020
Virginia,2011,213923.798377208,4.447884615,50050
Pennsylvania,2005,148377.387431101,5.866730769,46330
Alaska,2006,226696.415114634,6.413269231,48200
Delaware,2011,224257.962885482,4.447884615,50050
Ohio,2011,109508.910708148,4.447884615,50050
Rhode Island,2019,291008.460736765,3.935769231,68700
Connecticut,2005,280325.155443062,5.866730769,46330
Colorado,2016,319492.529331856,3.654038462,59040
Washington,2013,235750.659644027,3.975576923,53590
Idaho,2012,148628.857785966,3.6575,51020
Illinois,2003,162355.065497874,5.826981132,43320
Idaho,2001,128444.694170481,6.967884615,42230
Iowa,2007,119620.570571296,6.337307692,50230
Massachusetts,2012,288511.124358277,3.6575,51020
West Virginia,2014,100465.761815053,4.168867925,53660
Tennessee,2016,163303.750603556,3.654038462,59040
Ohio,2015,119213.98744593,3.850576923,56520
Tennessee,2003,123066.612014517,5.826981132,43320
South Carolina,2026,300152.939638478,6.084545455,
Virginia,2026,405164.654882324,6.084545455,
New Mexico,2013,163182.712571486,3.975576923,53590
Missouri,2025,252985.5343027,6.595094340,
District of Columbia,2010,360050.026205748,4.689807692,49280
Ohio,2002,113447.938313491,6.537307692,42410
Tennessee,2014,144992.555619572,4.168867925,53660
North Carolina,2013,151531.64223512,3.975576923,53590
Pennsylvania,2018,178635.433697765,4.544615385,63180
New Mexico,2014,165445.334358609,4.168867925,53660
Michigan,2026,253570.39596068,6.084545455,
Utah,2016,260219.382586503,3.654038462,59040
Washington,2025,589754.783672807,6.595094340,
Kansas,2001,94126.497090492,6.967884615,42230
New Jersey,2004,284600.197797336,5.839230769,44330
Minnesota,2011,157084.347066578,4.447884615,50050
Alabama,2004,115219.897286868,5.839230769,44330
Massachusetts,2006,363164.258609618,6.413269231,48200
Ohio,2004,122035.667464763,5.839230769,44330
Vermont,2007,213203.551806602,6.337307692,50230
Washington,2016,304863.372498684,3.654038462,59040
New Jersey,2018,329594.837982072,4.544615385,63180
Kansas,2019,149677.049572201,3.935769231,68700
Nebraska,2004,121278.700767913,5.839230769,44330
North Dakota,2017,219734.766686109,3.989807692,61140
Iowa,2005,112566.300598659,5.866730769,46330
Michigan,2007,139653.31212994,6.337307692,50230
Delaware,2014,224103.392518117,4.168867925,53660
Montana,2006,175158.929588757,6.413269231,48200
North Dakota,2009,160310.992250982,5.036538462,49780
Texas,2004,127871.018511081,5.839230769,44330
Mississippi,2012,113743.745041749,3.6575,51020
Massachusetts,2001,233575.123522684,6.967884615,42230
New York,2010,258251.596130394,4.689807692,49280
Iowa,2017,142949.929921226,3.989807692,61140
District of Columbia,2026,574664.493067551,6.084545455,
Illinois,2019,190973.698293863,3.935769231,68700
Texas,2002,117715.639231336,6.537307692,42410
Nevada,2017,247852.302606077,3.989807692,61140
Connecticut,2007,301239.332426856,6.337307692,50230
Kentucky,2020,158192.501315968,3.111698113,68010
Florida,2020,257027.539826532,3.111698113,68010
Massachusetts,2018,408131.340763004,4.544615385,63180
Iowa,2018,148871.57157655,4.544615385,63180
Maryland,2023,401930.279132981,6.806730769,80610
California,2012,283504.523897866,3.6575,51020
South Dakota,2000,105110.739375752,8.053461538,41990
Wyoming,2015,220823.327376025,3.850576923,56520
Alaska,2001,155272.180739982,6.967884615,42230
Wyoming,2020,258274.179881601,3.111698113,68010
Connecticut,2004,248931.047283704,5.839230769,44330
Michigan,2003,135409.990310518,5.826981132,43320
Pennsylvania,2007,168155.291997829,6.337307692,50230
Maine,2008,194645.489578195,6.027169811,50300
Colorado,2024,546781.405423722,6.721153846,83730
Pennsylvania,2015,159410.729873192,3.850576923,56520
Massachusetts,2025,632935.211622826,6.595094340,
Idaho,2007,200057.639496726,6.337307692,50230
Illinois,2026,280754.891750483,6.084545455,
Minnesota,2017,219224.9235114,3.989807692,61140
Rhode Island,2000,135294.774212383,8.053461538,41990
Alaska,2024,359521.964988219,6.721153846,83730
Iowa,2009,118752.217091518,5.036538462,49780
Missouri,2026,257609.789965308,6.084545455,
South Carolina,2020,203911.354740968,3.111698113,68010
Illinois,2008,195996.042513817,6.027169811,50300
Ohio,2021,181228.689375208,2.957692308,70780
Maine,2007,199097.876168427,6.337307692,50230
New Jersey,2002,215737.350220857,6.537307692,42410
Minnesota,2000,128450.397645603,8.053461538,41990
New Mexico,2004,144499.673847395,5.839230769,44330
California,2004,357748.111308644,5.839230769,44330
Pennsylvania,2020,198677.630602238,3.111698113,68010
Hawaii,2014,475036.159002543,4.168867925,53660
Washington,2011,234096.441782029,4.447884615,50050
Hawaii,2018,594778.64846694,4.544615385,63180
Idaho,2025,460920.24779895,6.595094340,
Oregon,2011,203546.457278771,4.447884615,50050
New Mexico,2011,164022.579841874,4.447884615,50050
West Virginia,2025,168072.70115434,6.595094340,
New York,2022,427218.214073203,5.344038462,74580
Delaware,2003,186066.541169077,5.826981132,43320
New Jersey,2019,342606.768548875,3.935769231,68700
Alabama,2023,224284.423038057,6.806730769,80610
Massachusetts,2005,361916.373469193,5.866730769,46330
Minnesota,2006,210010.015821035,6.413269231,48200
Michigan,2004,140766.332164238,5.839230769,44330
Utah,2026,532619.718254412,6.084545455,
Indiana,2002,101987.263449109,6.537307692,42410
Idaho,2019,275023.989105725,3.935769231,68700
South Dakota,2021,244860.799336855,2.957692308,70780
Maryland,2006,333932.786137218,6.413269231,48200
Kansas,2013,117209.855024095,3.975576923,53590
Florida,2003,146901.074861585,5.826981132,43320
Vermont,2010,207122.787511189,4.689807692,49280
Connecticut,2023,361769.693638584,6.806730769,80610
Delaware,2012,212025.744184297,3.6575,51020
New Hampshire,2022,408332.224991737,5.344038462,74580
Oregon,2000,152646.891364854,8.053461538,41990
Wyoming,2025,353446.373135774,6.595094340,
Iowa,2026,227231.511801874,6.084545455,
Illinois,2000,129339.882246244,8.053461538,41990
Nevada,2010,149850.709122257,4.689807692,49280
Illinois,2006,203458.132843856,6.413269231,48200
Florida,2004,168002.859420908,5.839230769,44330
West Virginia,2009,101757.300663796,5.036538462,49780
Alabama,2012,121658.98695778,3.6575,51020
Virginia,2018,262817.351587099,4.544615385,63180
Delaware,2025,391618.330537925,6.595094340,
Delaware,2017,254815.231276662,3.989807692,61140
West Virginia,2021,138336.157492514,2.957692308,70780
Montana,2013,188233.832580493,3.975576923,53590
West Virginia,2001,77290.254714797,6.967884615,42230
Oklahoma,2006,106752.934067753,6.413269231,48200
Iowa,2021,179108.909520013,2.957692308,70780
Louisiana,2005,139931.60424294,5.866730769,46330
Utah,2001,176765.908125221,6.967884615,42230
North Carolina,2019,204918.416581445,3.935769231,68700
Texas,2015,167333.415920502,3.850576923,56520
Missouri,2010,130007.529852136,4.689807692,49280
Texas,2024,306120.973503137,6.721153846,83730
Maryland,2004,238052.855809478,5.839230769,44330
Arizona,2000,138694.224259075,8.053461538,41990
Idaho,2014,176583.914334785,4.168867925,53660
Ohio,2006,128581.468760124,6.413269231,48200
Tennessee,2006,144195.290200149,6.413269231,48200
Illinois,2021,218185.111917578,2.957692308,70780
South Dakota,2015,168641.13728555,3.850576923,56520
California,2016,440246.741674943,3.654038462,59040
Oregon,2005,213869.473272927,5.866730769,46330
Utah,2022,522488.371207125,5.344038462,74580
Tennessee,2011,135807.229409714,4.447884615,50050
Washington,2006,297094.025490633,6.413269231,48200
Arkansas,2012,118784.723197808,3.6575,51020
North Dakota,2013,189905.875975679,3.975576923,53590
Delaware,2024,383150.999799934,6.721153846,83730
New Hampshire,2004,224623.154442266,5.839230769,44330
Arkansas,2017,138817.814553944,3.989807692,61140
North Dakota,2010,160727.808363441,4.689807692,49280
Alaska,2003,177427.65703629,5.826981132,43320
Pennsylvania,2003,121495.17423257,5.826981132,43320
Nebraska,2014,134579.306943706,4.168867925,53660
Iowa,2013,122601.430820618,3.975576923,53590
New York,2004,225091.75475219,5.839230769,44330
Michigan,2017,143749.521803511,3.989807692,61140
Texas,2006,138734.324567055,6.413269231,48200
Alabama,2017,144021.288311231,3.989807692,61140
Oregon,2025,491936.287602988,6.595094340,
Delaware,2007,274696.502681601,6.337307692,50230
Mississippi,2020,149378.487116688,3.111698113,68010
Florida,2012,132086.463777341,3.6575,51020
District of Columbia,2020,588939.223125441,3.111698113,68010
Ohio,2020,158820.667399373,3.111698113,68010
New Hampshire,2001,156307.990103412,6.967884615,42230
Georgia,2026,328264.353225513,6.084545455,
Mississippi,2003,100692.891345162,5.826981132,43320
Rhode Island,2025,478911.033344899,6.595094340,
Vermont,2003,147412.237157487,5.826981132,43320
Michigan,2000,116846.629384567,8.053461538,41990
Washington,2024,583738.785856864,6.721153846,83730
Alabama,2021,194232.643291086,2.957692308,70780
Arizona,2011,139867.937165325,4.447884615,50050
Nebraska,2000,115206.555079542,8.053461538,41990
New York,2001,167970.095951483,6.967884615,42230
Massachusetts,2016,360095.948352434,3.654038462,59040
Florida,2008,203973.95569102,6.027169811,50300
Iowa,2011,115644.29369713,4.447884615,50050
Arkansas,2025,215132.365317195,6.595094340,
Minnesota,2010,170853.271506263,4.689807692,49280
Kentucky,2008,115693.087598369,6.027169811,50300
Oklahoma,2002,91610.449186566,6.537307692,42410
Maryland,2025,423383.821990238,6.595094340,
Mississippi,2023,182278.73207459,6.806730769,80610
South Carolina,2014,148655.471657365,4.168867925,53660
Wisconsin,2014,154911.113053233,4.168867925,53660
New York,2000,155054.855639737,8.053461538,41990
Massachusetts,2003,302476.303012336,5.826981132,43320
Georgia,2008,165132.116017345,6.027169811,50300
North Carolina,2015,162083.570040395,3.850576923,56520
California,2023,730116.465700346,6.806730769,80610
Minnesota,2025,334091.250482074,6.595094340,
Georgia,2017,175871.178773079,3.989807692,61140
Hawaii,2004,309965.500969774,5.839230769,44330
North Carolina,2011,151844.888923751,4.447884615,50050
Illinois,2016,170208.545001208,3.654038462,59040
Washington,2005,253681.563852346,5.866730769,46330
Nebraska,2025,264841.604129357,6.595094340,
North Dakota,2002,,6.537307692,42410
Illinois,2013,144656.180966733,3.975576923,53590
Oklahoma,2026,215833.657900783,6.084545455,
Idaho,2005,156318.219350159,5.866730769,46330
Nevada,2002,176616.658431478,6.537307692,42410
Illinois,2011,149040.507325971,4.447884615,50050
Louisiana,2009,161545.704912696,5.036538462,49780
Alaska,2014,260724.217541872,4.168867925,53660
Georgia,2003,149978.149485464,5.826981132,43320
Minnesota,2004,190079.785778636,5.839230769,44330
Georgia,2014,145857.074316709,4.168867925,53660
New Hampshire,2007,249584.162012039,6.337307692,50230
Iowa,2019,156302.865626009,3.935769231,68700
New Mexico,2008,188932.72841688,6.027169811,50300
Minnesota,2026,340647.894850666,6.084545455,
Georgia,2004,154510.007288502,5.839230769,44330
District of Columbia,2008,379875.894461937,6.027169811,50300
District of Columbia,2012,364098.453571012,3.6575,51020
Nevada,2020,314358.282373462,3.111698113,68010
Oregon,2022,493165.618262129,5.344038462,74580
Massachusetts,2008,326192.251682521,6.027169811,50300
Colorado,2003,222728.324619196,5.826981132,43320
Washington,2015,274266.29604859,3.850576923,56520
Wyoming,2007,196986.449071691,6.337307692,50230
Louisiana,2000,110218.473086817,8.053461538,41990
Mississippi,2002,97725.650838852,6.537307692,42410
Illinois,2005,190359.821420485,5.866730769,46330
Alabama,2020,170808.710830139,3.111698113,68010
Virginia,2020,288235.7655206,3.111698113,68010
Kansas,2012,114491.605065269,3.6575,51020
South Dakota,2022,282799.230880124,5.344038462,74580
Alaska,2019,301079.416737084,3.935769231,68700
Massachusetts,2011,295022.542055796,4.447884615,50050
Ohio,2017,131416.39557004,3.989807692,61140
Tennessee,2015,152522.919584739,3.850576923,56520
Idaho,2009,177830.98415462,5.036538462,49780
Illinois,2024,261148.619711161,6.721153846,83730
Maryland,2014,266707.21826683,4.168867925,53660
Kansas,2003,100227.187831174,5.826981132,43320
Connecticut,2013,228767.364859142,3.975576923,53590
North Carolina,2003,142067.552804942,5.826981132,43320
Arkansas,2006,123027.941026439,6.413269231,48200
California,2014,384372.700985388,4.168867925,53660
Nebraska,2023,247553.668382147,6.806730769,80610
North Carolina,2021,259788.73480296,2.957692308,70780
Oregon,2004,187456.585347508,5.839230769,44330
Florida,2006,251054.46794739,6.413269231,48200
Alaska,2017,279667.965168407,3.989807692,61140
Colorado,2021,479160.043350798,2.957692308,70780
Alaska,2013,256461.826972483,3.975576923,53590
New Mexico,2001,,6.967884615,42230
Hawaii,2025,825831.681979102,6.595094340,
Oklahoma,2010,112649.889715855,4.689807692,49280
New Mexico,2003,137089.519604949,5.826981132,43320
North Dakota,2023,254876.184848991,6.806730769,80610
Connecticut,2015,234482.768067764,3.850576923,56520
Colorado,2020,414764.073157882,3.111698113,68010
Massachusetts,2009,304739.896760363,5.036538462,49780
Rhode Island,2005,283053.155385602,5.866730769,46330
Rhode Island,2017,262686.971002728,3.989807692,61140
Vermont,2018,249711.468000754,4.544615385,63180
Nevada,2016,226637.692617749,3.654038462,59040
New Mexico,2010,173731.78842789,4.689807692,49280
Utah,2011,188129.989014822,4.447884615,50050
South Carolina,2023,289604.329117124,6.806730769,80610
Utah,2023,505704.325395065,6.806730769,80610
West Virginia,2000,73136.871221185,8.053461538,41990
Mississippi,2007,125249.439808124,6.337307692,50230
Arizona,2023,423525.597696787,6.806730769,80610
Virginia,2001,137511.150939102,6.967884615,42230
Florida,2019,242676.626205984,3.935769231,68700
West Virginia,2019,116714.00168065,3.935769231,68700
Vermont,2024,384630.260792131,6.721153846,83730
Alabama,2009,130928.855481124,5.036538462,49780
Delaware,2018,261689.704491517,4.544615385,63180
Wyoming,2023,326454.011148627,6.806730769,80610
Maine,2002,134026.976692732,6.537307692,42410
Florida,2016,198285.188122208,3.654038462,59040
Massachusetts,2004,333235.879972393,5.839230769,44330
Ohio,2024,222289.432313419,6.721153846,83730
Oklahoma,2015,121505.639791071,3.850576923,56520
Delaware,2015,233950.474645213,3.850576923,56520
Washington,2018,373509.98867909,4.544615385,63180
Virginia,2012,215171.436511899,3.6575,51020
Connecticut,2003,222199.812484387,5.826981132,43320
Georgia,2023,323227.897455572,6.806730769,80610
Arizona,2017,234500.864601861,3.989807692,61140
Michigan,2011,92948.865932813,4.447884615,50050
Michigan,2005,145027.834902426,5.866730769,46330
South Dakota,2017,184183.38693606,3.989807692,61140
Maryland,2002,179284.529611362,6.537307692,42410
Kentucky,2002,99105.554297211,6.537307692,42410
Maryland,2022,392780.995673102,5.344038462,74580
Arizona,2003,162709.226142048,5.826981132,43320
Tennessee,2005,134839.760138654,5.866730769,46330
Nevada,2000,156951.929408818,8.053461538,41990
Louisiana,2019,187078.791972972,3.935769231,68700
Wyoming,2002,139738.644579077,6.537307692,42410
North Dakota,2026,279608.471223981,6.084545455,
North Dakota,2022,252302.683589801,5.344038462,74580
Louisiana,2007,161167.781615517,6.337307692,50230
Nebraska,2016,148775.411886523,3.654038462,59040
New Jersey,2025,546319.022077436,6.595094340,
District of Columbia,2023,611692.086193726,6.806730769,80610
Maine,2009,181886.615801073,5.036538462,49780
Virginia,2017,253399.382251346,3.989807692,61140
Wisconsin,2017,177503.348368232,3.989807692,61140
North Dakota,2003,,5.826981132,43320
Maine,2015,182348.198165618,3.850576923,56520
Rhode Island,2024,458295.640341361,6.721153846,83730
Indiana,2006,115692.093190943,6.413269231,48200
Indiana,2003,103754.242821288,5.826981132,43320
New Mexico,2024,301175.921019177,6.721153846,83730
Ohio,2018,139645.949113074,4.544615385,63180
South Dakota,2011,142698.648392199,4.447884615,50050
New Hampshire,2026,494854.682241311,6.084545455,
South Dakota,2009,144151.298277467,5.036538462,49780
New Hampshire,2021,355332.852208126,2.957692308,70780
Pennsylvania,2017,170438.014785677,3.989807692,61140
Utah,2009,217137.294804286,5.036538462,49780
California,2002,253290.834748924,6.537307692,42410
Missouri,2004,126981.611097658,5.839230769,44330
North Carolina,2009,164570.690921238,5.036538462,49780
Nevada,2008,248925.539344823,6.027169811,50300
Rhode Island,2004,248151.580500935,5.839230769,44330
Wyoming,2021,284297.942049128,2.957692308,70780
Illinois,2004,175250.710730304,5.839230769,44330
New Jersey,2005,327358.248286883,5.866730769,46330
Michigan,2020,175244.535530313,3.111698113,68010
South Dakota,2007,140333.338068683,6.337307692,50230
Utah,2007,235401.681232044,6.337307692,50230
South Dakota,2004,121175.964872712,5.839230769,44330
Washington,2009,272886.650913894,5.036538462,49780
West Virginia,2010,99710.577243177,4.689807692,49280
Missouri,2013,123897.222283468,3.975576923,53590
Montana,2022,423840.281529765,5.344038462,74580
Washington,2023,564492.235414073,6.806730769,80610
North Carolina,2014,156622.481607942,4.168867925,53660
Montana,2007,186158.882122262,6.337307692,50230
Kansas,2006,114078.245926962,6.413269231,48200
Nebraska,2005,126411.701086794,5.866730769,46330
Iowa,2022,198128.033948069,5.344038462,74580
Missouri,2018,156955.087558417,4.544615385,63180
Tennessee,2013,138842.911919116,3.975576923,53590
District of Columbia,2019,564977.710123996,3.935769231,68700
Missouri,2001,105845.069162685,6.967884615,42230
Iowa,2000,90836.977744709,8.053461538,41990
Massachusetts,2024,616965.773577446,6.721153846,83730
New Hampshire,2020,299314.821902537,3.111698113,68010
New York,2024,464834.506312419,6.721153846,83730
Hawaii,2006,461501.088421362,6.413269231,48200
Tennessee,2020,218815.912370759,3.111698113,68010
West Virginia,2008,104237.588171598,6.027169811,50300
Pennsylvania,2002,112257.730370299,6.537307692,42410
Washington,2017,338311.189492529,3.989807692,61140
Delaware,2023,370633.420208269,6.806730769,80610
New Mexico,2016,172715.058492875,3.654038462,59040
Vermont,2017,239276.75437162,3.989807692,61140
Ohio,2000,104862.575363452,8.053461538,41990
Mississippi,2022,183477.070711445,5.344038462,74580
Kansas,2025,232926.102253907,6.595094340,
Arizona,2001,146377.850801004,6.967884615,42230
Iowa,2014,127095.924020916,4.168867925,53660
South Dakota,2008,144301.457601012,6.027169811,50300
District of Columbia,2009,360645.488143187,5.036538462,49780
Alabama,2005,120930.002668829,5.866730769,46330
Mississippi,2015,126913.332573384,3.850576923,56520
North Dakota,2015,218636.581544493,3.850576923,56520
Nevada,2011,135301.479866496,4.447884615,50050
Georgia,2018,191067.168459826,4.544615385,63180
District of Columbia,2014,449497.265770317,4.168867925,53660
Wisconsin,2013,149388.62414527,3.975576923,53590
Kansas,2023,213852.502023028,6.806730769,80610
North Dakota,2024,258110.399671437,6.721153846,83730
Idaho,2024,454695.914969289,6.721153846,83730
Alabama,2025,230476.336670025,6.595094340,
New Jersey,2003,249541.211859825,5.826981132,43320
Wyoming,2013,206000.860700794,3.975576923,53590
Tennessee,2007,150747.675267851,6.337307692,50230
California,2025,766606.871662704,6.595094340,
Alabama,2007,136540.541241043,6.337307692,50230
New Hampshire,2008,235672.778802333,6.027169811,50300
Connecticut,2021,302356.907055761,2.957692308,70780
Mississippi,2011,114282.101431114,4.447884615,50050
Alaska,2010,245873.32613719,4.689807692,49280
Rhode Island,2020,310113.261322293,3.111698113,68010
Washington,2003,203639.315854238,5.826981132,43320
Wisconsin,2021,242214.720668979,2.957692308,70780
Pennsylvania,2012,152808.113731496,3.6575,51020
District of Columbia,2013,406779.751369954,3.975576923,53590
Louisiana,2012,156822.435746363,3.6575,51020
Pennsylvania,2021,224325.4054693,2.957692308,70780
Nevada,2006,334508.332730136,6.413269231,48200
Alaska,2025,369641.141731618,6.595094340,
Rhode Island,2001,149868.858286857,6.967884615,42230
South Dakota,2025,305392.878172444,6.595094340,
Arkansas,2022,200133.013069185,5.344038462,74580
Louisiana,2015,173442.680455331,3.850576923,56520
South Carolina,2017,171373.286970904,3.989807692,61140
Louisiana,2003,126140.70934786,5.826981132,43320
Delaware,2002,169954.413728188,6.537307692,42410
New Jersey,2010,299120.297375202,4.689807692,49280
Texas,2010,140110.813276123,4.689807692,49280
New Mexico,2018,184158.901441817,4.544615385,63180
Georgia,2013,131704.127437975,3.975576923,53590
Nebraska,2007,131889.115808352,6.337307692,50230
West Virginia,2024,162623.808382698,6.721153846,83730
Wisconsin,2005,165873.087913946,5.866730769,46330
Nevada,2022,438646.288112317,5.344038462,74580
Louisiana,2026,208306.059474658,6.084545455,
Hawaii,2001,208181.62202374,6.967884615,42230
Colorado,2011,214715.773402412,4.447884615,50050
Kansas,2020,161044.734649595,3.111698113,68010
New Jersey,2014,290029.536089034,4.168867925,53660
Illinois,2023,245951.351266933,6.806730769,80610
Illinois,2002,150892.927356653,6.537307692,42410
New Mexico,2019,194098.263608887,3.935769231,68700
Iowa,2015,132160.39934028,3.850576923,56520
Utah,2015,237769.982605143,3.850576923,56520
Florida,2024,397116.926890852,6.721153846,83730
North Carolina,2012,148885.64530034,3.6575,51020
Illinois,2007,206702.198658132,6.337307692,50230
Connecticut,2024,395654.911074985,6.721153846,83730
Alaska,2015,270763.835303517,3.850576923,56520
Hawaii,2011,414620.007066691,4.447884615,50050
Maine,2018,218053.073231787,4.544615385,63180
Missouri,2008,138455.062120324,6.027169811,50300
Louisiana,2014,164932.014096897,4.168867925,53660
Texas,2001,115163.838851782,6.967884615,42230
North Dakota,2014,202463.847170991,4.168867925,53660
Illinois,2009,174135.912427348,5.036538462,49780
Illinois,2012,140260.56300038,3.6575,51020
California,2020,563401.340795978,3.111698113,68010
Maine,2003,149755.104726455,5.826981132,43320
Arkansas,2002,97168.290634686,6.537307692,42410
North Carolina,2006,161244.18678775,6.413269231,48200
Virginia,2022,356507.340307984,5.344038462,74580
South Dakota,2010,143120.335420479,4.689807692,49280
Nevada,2012,132475.184522995,3.6575,51020
Texas,2013,143150.936887147,3.975576923,53590
Oregon,2003,173547.668115092,5.826981132,43320
Indiana,2012,110564.413506637,3.6575,51020
New Hampshire,2009,218675.10641193,5.036538462,49780
Nevada,2025,447112.03805882,6.595094340,
Vermont,2020,270559.590957647,3.111698113,68010
Arkansas,2001,94255.597072842,6.967884615,42230
New Mexico,2009,179463.282572744,5.036538462,49780
Rhode Island,2010,229443.109118414,4.689807692,49280
Virginia,2013,225354.69369238,3.975576923,53590
Delaware,2006,267326.397080485,6.413269231,48200
Massachusetts,2013,304364.823271007,3.975576923,53590
Iowa,2001,95093.871782554,6.967884615,42230
Maine,2021,301097.69057822,2.957692308,70780
Mississippi,2001,94950.094341733,6.967884615,42230
Oklahoma,2014,116711.017992494,4.168867925,53660
Georgia,2020,220254.266272295,3.111698113,68010
Montana,2019,260265.714096227,3.935769231,68700
Washington,2000,177145.919458049,8.053461538,41990
Colorado,2026,536053.820785386,6.084545455,
Idaho,2008,198752.880180724,6.027169811,50300
Michigan,2001,124882.429280042,6.967884615,42230
Virginia,2023,370711.208843831,6.806730769,80610
North Carolina,2020,220620.570943307,3.111698113,68010
Texas,2005,134156.91984506,5.866730769,46330
Louisiana,2025,207307.996025939,6.595094340,
Arizona,2015,202642.623836714,3.850576923,56520
Rhode Island,2002,174456.968016233,6.537307692,42410
West Virginia,2012,100018.097540072,3.6575,51020
Virginia,2007,263118.794978151,6.337307692,50230
Louisiana,2011,156938.503570107,4.447884615,50050
Utah,2008,239702.671912859,6.027169811,50300
Connecticut,2009,262784.778187873,5.036538462,49780
Vermont,2014,220723.303530088,4.168867925,53660
North Carolina,2007,169588.453349001,6.337307692,50230
Mississippi,2006,118610.190704513,6.413269231,48200
Delaware,2001,158906.157535699,6.967884615,42230
Utah,2020,363124.245555165,3.111698113,68010
West Virginia,2018,114109.022044148,4.544615385,63180
West Virginia,2013,101060.727723352,3.975576923,53590
West Virginia,2022,150295.148651275,5.344038462,74580
Oregon,2007,272670.366424711,6.337307692,50230
Florida,2007,244972.542184784,6.337307692,50230
Texas,2021,257461.555497471,2.957692308,70780
Louisiana,2002,121629.291780856,6.537307692,42410
Washington,2001,186272.871811687,6.967884615,42230
Idaho,2006,189458.041841188,6.413269231,48200
North Dakota,2008,,6.027169811,50300
South Carolina,2005,144750.920452959,5.866730769,46330
Maine,2019,228728.260959873,3.935769231,68700
New Mexico,2021,241866.749125381,2.957692308,70780
Nebraska,2012,125479.632754644,3.6575,51020
Florida,2021,299432.671357705,2.957692308,70780
Maine,2005,191792.71998796,5.866730769,46330
Hawaii,2012,410723.320282047,3.6575,51020
Missouri,2024,246106.058168647,6.721153846,83730
Connecticut,2016,237320.927877315,3.654038462,59040
Missouri,2000,98852.21785019,8.053461538,41990
Arizona,2010,157836.336757692,4.689807692,49280
Alabama,2010,125684.405998173,4.689807692,49280
Indiana,2022,216156.354366555,5.344038462,74580
Rhode Island,2018,280918.853045635,4.544615385,63180
Hawaii,2016,535461.122554541,3.654038462,59040
New York,2011,252151.103806767,4.447884615,50050
Nevada,2009,176513.356859409,5.036538462,49780
Massachusetts,2022,554118.387811417,5.344038462,74580
Virginia,2008,245123.780866541,6.027169811,50300
District of Columbia,2004,287544.753052066,5.839230769,44330
South Carolina,2000,116116.007958772,8.053461538,41990
Minnesota,2024,326240.82584842,6.721153846,83730
North Dakota,2016,223258.972112844,3.654038462,59040
Kansas,2015,125645.825055319,3.850576923,56520
New Jersey,2012,270509.232055429,3.6575,51020
Utah,2004,180188.20589725,5.839230769,44330
New Jersey,2023,479951.540619969,6.806730769,80610
Arizona,2014,192349.738937612,4.168867925,53660
Georgia,2022,313410.798593977,5.344038462,74580
Missouri,2021,201944.55704065,2.957692308,70780
Mississippi,2021,166692.882260658,2.957692308,70780
North Dakota,2004,,5.839230769,44330
New Hampshire,2006,256484.609441802,6.413269231,48200
Maine,2012,170962.431770976,3.6575,51020
Ohio,2003,117582.882253431,5.826981132,43320
Alabama,2001,105163.677245891,6.967884615,42230
Alabama,2019,158084.313265354,3.935769231,68700
District of Columbia,2016,501048.951219474,3.654038462,59040
Arkansas,2026,219157.929637834,6.084545455,
Arizona,2025,424056.808909331,6.595094340,
Alabama,2014,133206.09033159,4.168867925,53660
Massachusetts,2010,305911.470259217,4.689807692,49280
Massachusetts,2017,384088.935742775,3.989807692,61140
Indiana,2024,235998.952261287,6.721153846,83730
Delaware,2020,278747.032193398,3.111698113,68010
Pennsylvania,2014,156656.489830195,4.168867925,53660
West Virginia,2016,109430.523562295,3.654038462,59040
South Dakota,2003,114505.932714114,5.826981132,43320
Rhode Island,2007,284676.294850848,6.337307692,50230
Maine,2006,199324.634505041,6.413269231,48200
North Carolina,2002,139286.999143386,6.537307692,42410
Nebraska,2010,128606.343166089,4.689807692,49280
Indiana,2025,244616.923983622,6.595094340,
Rhode Island,2015,230492.773914911,3.850576923,56520
Maryland,2026,423822.268680451,6.084545455,
Arizona,2009,175220.406239468,5.036538462,49780
New Mexico,2006,175881.268561915,6.413269231,48200
Georgia,2009,148543.868568054,5.036538462,49780
Florida,2005,207227.634060548,5.866730769,46330
Kentucky,2025,228479.516300436,6.595094340,
Nevada,2004,242667.509504594,5.839230769,44330
Indiana,2009,114559.258556227,5.036538462,49780
New York,2019,337015.508417807,3.935769231,68700
Nebraska,2021,212056.102349795,2.957692308,70780
Kentucky,2018,139466.791233055,4.544615385,63180
Connecticut,2011,238424.520405189,4.447884615,50050
Pennsylvania,2000,100187.505824426,8.053461538,41990
Pennsylvania,2019,186177.52626185,3.935769231,68700
Texas,2007,144215.029986211,6.337307692,50230
Iowa,2004,107578.108725504,5.839230769,44330
Delaware,2010,239100.731486813,4.689807692,49280
Kansas,2007,117841.775913293,6.337307692,50230
Montana,2017,233016.360048787,3.989807692,61140
Utah,2000,171362.998280793,8.053461538,41990
Vermont,2000,115673.154036327,8.053461538,41990
Utah,2014,223916.560245948,4.168867925,53660
Connecticut,2000,164332.48056146,8.053461538,41990
Maine,2024,389152.218042519,6.721153846,83730
Idaho,2013,164828.094756656,3.975576923,53590
Ohio,2008,123818.169934072,6.027169811,50300
Montana,2008,190109.72599815,6.027169811,50300
Minnesota,2007,207122.621139849,6.337307692,50230
Nevada,2003,192088.890869916,5.826981132,43320
Wisconsin,2008,171904.320070969,6.027169811,50300
Alabama,2008,135997.752878669,6.027169811,50300
Kentucky,2014,115571.786711598,4.168867925,53660
Virginia,2024,389812.169707508,6.721153846,83730
Montana,2014,198654.600381722,4.168867925,53660
Arkansas,2013,122086.891290402,3.975576923,53590
Alaska,2016,277447.632419334,3.654038462,59040
Virginia,2021,324017.714180367,2.957692308,70780
Florida,2000,110370.742025633,8.053461538,41990
Arkansas,2003,101401.561849545,5.826981132,43320
Vermont,2015,225873.544271652,3.850576923,56520
Massachusetts,2014,322815.539105314,4.168867925,53660
Arkansas,2009,122437.236958368,5.036538462,49780
Oklahoma,2005,102185.455836143,5.866730769,46330
North Carolina,2025,331473.638208225,6.595094340,
Tennessee,2024,324905.32644882,6.721153846,83730
Connecticut,2019,251769.977903558,3.935769231,68700
Wisconsin,2000,119560.493318892,8.053461538,41990
Minnesota,2001,145819.99597358,6.967884615,42230
Arkansas,2011,117399.902189777,4.447884615,50050
Wyoming,2019,242692.010194347,3.935769231,68700
New York,2012,249070.688406476,3.6575,51020
